Route,Factory,Customer_State,Customer_Region,Total_Shipments,Avg_Lead_Time,Lead_Time_Std,Delayed_Shipments,Total_Sales,Total_Profit,Delay_Frequency_%,Efficiency_Score
Lot's O' Nuts → Alabama,Lot's O' Nuts,Alabama,Gulf,34,1295.2058823529412,253.0703315120563,34,475.61,326.91,100.0,47.11876598465473
Lot's O' Nuts → Alberta,Lot's O' Nuts,Alberta,Pacific,16,1273.875,266.9244275071131,16,204.32,141.42000000000002,100.0,50.01698369565217
Lot's O' Nuts → Arizona,Lot's O' Nuts,Arizona,Pacific,111,1306.1981981981983,253.9011554207598,111,1468.05,1013.15,100.0,45.62524481002741
Lot's O' Nuts → Arkansas,Lot's O' Nuts,Arkansas,Gulf,31,1285.3548387096773,274.5291178712012,31,434.69,299.69,100.0,48.45722300140254
Lot's O' Nuts → British Columbia,Lot's O' Nuts,British Columbia,Pacific,18,1273.7777777777778,307.0827739638931,18,253.4,173.8,100.0,50.03019323671497
Lot's O' Nuts → California,Lot's O' Nuts,California,Pacific,1125,1316.9102222222223,265.3738414776562,1125,15044.9,10401.0,100.0,44.16980676328501
Lot's O' Nuts → Colorado,Lot's O' Nuts,Colorado,Pacific,103,1347.5339805825242,252.65204374108782,103,1447.66,999.0600000000001,100.0,40.008970029548344
Lot's O' Nuts → Connecticut,Lot's O' Nuts,Connecticut,Atlantic,47,1420.5531914893618,249.38575048294325,47,523.59,362.29,100.0,30.087881591119327
Lot's O' Nuts → Delaware,Lot's O' Nuts,Delaware,Atlantic,43,1273.3023255813953,251.91623086934126,43,631.59,436.19,100.0,50.09479271991913
Lot's O' Nuts → District of Columbia,Lot's O' Nuts,District of Columbia,Atlantic,8,1365.875,168.57676293012628,8,126.0,85.3,100.0,37.51698369565217
Lot's O' Nuts → Florida,Lot's O' Nuts,Florida,Gulf,209,1318.6076555023924,283.18378637236333,209,2640.13,1820.73,100.0,43.93917724152278
Lot's O' Nuts → Georgia,Lot's O' Nuts,Georgia,Gulf,110,1329.5636363636363,243.441552515676,110,1474.09,1027.79,100.0,42.45059288537551
Lot's O' Nuts → Idaho,Lot's O' Nuts,Idaho,Pacific,14,1351.357142857143,255.74915809857885,14,146.5,100.9,100.0,39.489518633540364
Lot's O' Nuts → Illinois,Lot's O' Nuts,Illinois,Interior,267,1319.9325842696628,268.3879387446412,267,3539.21,2452.51,100.0,43.759159745969725
Lot's O' Nuts → Indiana,Lot's O' Nuts,Indiana,Interior,90,1366.7888888888888,236.12282532445067,90,1253.78,869.58,100.0,37.39281400966185
Lot's O' Nuts → Iowa,Lot's O' Nuts,Iowa,Interior,16,1479.0,187.5117774078915,16,227.87,157.47,100.0,22.146739130434778
Lot's O' Nuts → Kansas,Lot's O' Nuts,Kansas,Interior,15,1248.8666666666666,216.09616466044093,15,188.93,130.83,100.0,53.41485507246379
Lot's O' Nuts → Kentucky,Lot's O' Nuts,Kentucky,Gulf,77,1325.4025974025974,276.2697604144913,77,1039.13,715.73,100.0,43.01595143986449
Lot's O' Nuts → Louisiana,Lot's O' Nuts,Louisiana,Gulf,24,1302.9583333333333,283.0135162184288,24,283.71000000000004,197.31,100.0,46.065443840579725
Lot's O' Nuts → Maine,Lot's O' Nuts,Maine,Atlantic,6,1213.5,149.66462507887425,6,71.23,49.03,100.0,58.22010869565217
Lot's O' Nuts → Manitoba,Lot's O' Nuts,Manitoba,Interior,2,1454.0,258.8010819142764,2,18.0,12.0,100.0,25.543478260869566
Lot's O' Nuts → Maryland,Lot's O' Nuts,Maryland,Atlantic,60,1370.6666666666667,221.91742751025282,60,812.74,567.54,100.0,36.8659420289855
Lot's O' Nuts → Massachusetts,Lot's O' Nuts,Massachusetts,Atlantic,76,1292.1184210526317,252.38272350302998,76,1003.24,690.54,100.0,47.5382580091533
Lot's O' Nuts → Michigan,Lot's O' Nuts,Michigan,Interior,147,1303.0068027210884,247.1988411718261,147,2103.76,1450.86,100.0,46.05885832593907
Lot's O' Nuts → Minnesota,Lot's O' Nuts,Minnesota,Interior,43,1350.3953488372092,282.6305125858111,43,561.21,388.81,100.0,39.62019716885744
Lot's O' Nuts → Mississippi,Lot's O' Nuts,Mississippi,Gulf,30,1297.6666666666667,286.77749795500586,30,448.43,312.33,100.0,46.78442028985506
Lot's O' Nuts → Missouri,Lot's O' Nuts,Missouri,Interior,36,1364.8333333333333,267.22451769465835,36,514.08,359.08,100.0,37.65851449275364
Lot's O' Nuts → Montana,Lot's O' Nuts,Montana,Pacific,8,1319.25,234.00167887065626,8,92.61,64.01,100.0,43.85190217391305
Lot's O' Nuts → Nebraska,Lot's O' Nuts,Nebraska,Interior,23,1336.1304347826087,237.68108968796182,23,295.28000000000003,205.38,100.0,41.55836483931946
Lot's O' Nuts → Nevada,Lot's O' Nuts,Nevada,Pacific,24,1243.25,239.22233609543338,24,389.21000000000004,268.11,100.0,54.17798913043479
Lot's O' Nuts → New Brunswick,Lot's O' Nuts,New Brunswick,Atlantic,4,1273.25,298.4296399488496,4,97.72,69.72,100.0,50.10190217391304
Lot's O' Nuts → New Hampshire,Lot's O' Nuts,New Hampshire,Atlantic,13,1272.4615384615386,210.88133131559064,13,178.02,123.02,100.0,50.20903010033444
Lot's O' Nuts → New Jersey,Lot's O' Nuts,New Jersey,Atlantic,65,1335.6615384615384,278.66833315582556,65,825.88,567.98,100.0,41.622073578595334
Lot's O' Nuts → New Mexico,Lot's O' Nuts,New Mexico,Pacific,18,1456.9444444444443,258.26308342741896,18,260.71,179.41,100.0,25.143417874396146
Lot's O' Nuts → New York,Lot's O' Nuts,New York,Atlantic,645,1330.5162790697675,249.26357709886216,645,8757.81,6055.01,100.0,42.32115773508593
Lot's O' Nuts → Newfoundland and Labrador,Lot's O' Nuts,Newfoundland and Labrador,Atlantic,6,1216.1666666666667,357.44729215181735,6,162.0,112.5,100.0,57.85778985507246
Lot's O' Nuts → North Carolina,Lot's O' Nuts,North Carolina,Gulf,143,1314.1958041958042,249.30645372632327,143,2045.6100000000001,1417.01,100.0,44.538613560352694
Lot's O' Nuts → North Dakota,Lot's O' Nuts,North Dakota,Interior,5,1638.2,1.6431676725154905,5,57.160000000000004,39.66,100.0,0.5163043478260798
Lot's O' Nuts → Ohio,Lot's O' Nuts,Ohio,Atlantic,262,1334.1145038167938,260.4439516916097,262,3472.7400000000002,2400.24,100.0,41.83226850315302
Lot's O' Nuts → Oklahoma,Lot's O' Nuts,Oklahoma,Interior,41,1282.6829268292684,237.45077795454688,41,569.4,395.0,100.0,48.820254506892894
Lot's O' Nuts → Ontario,Lot's O' Nuts,Ontario,Atlantic,28,1246.2857142857142,261.42187518529664,28,348.32,239.22,100.0,53.76552795031056
Lot's O' Nuts → Oregon,Lot's O' Nuts,Oregon,Pacific,77,1245.1948051948052,269.8786295902309,77,1085.9,751.6,100.0,53.91374929418408
Lot's O' Nuts → Pennsylvania,Lot's O' Nuts,Pennsylvania,Atlantic,331,1315.0634441087614,260.4839648858407,331,4338.55,2993.65,100.0,44.42072770261395
Lot's O' Nuts → Prince Edward Island,Lot's O' Nuts,Prince Edward Island,Atlantic,6,1395.8333333333333,298.67468367216304,6,78.1,54.9,100.0,33.4465579710145
Lot's O' Nuts → Quebec,Lot's O' Nuts,Quebec,Atlantic,24,1334.125,298.5522039413893,24,242.93,165.83,100.0,41.830842391304344
Lot's O' Nuts → Rhode Island,Lot's O' Nuts,Rhode Island,Atlantic,30,1296.9,301.97857311519607,30,353.76,242.86,100.0,46.88858695652173
Lot's O' Nuts → South Carolina,Lot's O' Nuts,South Carolina,Gulf,21,1290.2857142857142,244.66183659433747,21,281.32,194.92000000000002,100.0,47.78726708074535
Lot's O' Nuts → South Dakota,Lot's O' Nuts,South Dakota,Interior,9,1477.2222222222222,322.71960653862425,9,117.59,82.09,100.0,22.388285024154598
Lot's O' Nuts → Tennessee,Lot's O' Nuts,Tennessee,Gulf,109,1390.9633027522937,257.7163214554842,109,1361.56,941.76,100.0,34.10824690865575
Lot's O' Nuts → Texas,Lot's O' Nuts,Texas,Interior,569,1310.4604569420035,260.3438522587886,569,7642.34,5278.34,100.0,45.04613356766257
Lot's O' Nuts → Utah,Lot's O' Nuts,Utah,Pacific,29,1236.0,298.2197176579711,29,393.91,270.11,100.0,55.16304347826087
Lot's O' Nuts → Vermont,Lot's O' Nuts,Vermont,Atlantic,5,1492.4,200.2855461584784,5,103.19,72.39,100.0,20.326086956521728
Lot's O' Nuts → Virginia,Lot's O' Nuts,Virginia,Gulf,109,1229.48623853211,262.0086093679799,109,1538.84,1059.24,100.0,56.04806541683287
Lot's O' Nuts → Washington,Lot's O' Nuts,Washington,Pacific,269,1343.9628252788104,274.9753152303269,269,3492.91,2415.91,100.0,40.49418134798771
Lot's O' Nuts → West Virginia,Lot's O' Nuts,West Virginia,Atlantic,2,1637.0,2.8284271247461903,2,38.72,27.42,100.0,0.6793478260869512
Lot's O' Nuts → Wisconsin,Lot's O' Nuts,Wisconsin,Interior,58,1367.6379310344828,242.37941102097005,58,768.25,531.95,100.0,37.277455022488745
Lot's O' Nuts → Wyoming,Lot's O' Nuts,Wyoming,Pacific,1,1274.0,,1,13.96,9.96,100.0,50.0
Secret Factory → Alabama,Secret Factory,Alabama,Gulf,3,1272.3333333333333,366.50011368802245,3,150.0,75.2,100.0,50.22644927536233
Secret Factory → Alberta,Secret Factory,Alberta,Pacific,2,1274.5,516.8950570473662,2,180.0,90.0,100.0,49.93206521739131
Secret Factory → Arizona,Secret Factory,Arizona,Pacific,5,1127.4,327.5306092566006,5,640.0,320.0,100.0,69.91847826086955
Secret Factory → Arkansas,Secret Factory,Arkansas,Gulf,2,1456.5,259.50818869546293,2,63.75,31.95,100.0,25.203804347826086
Secret Factory → California,Secret Factory,California,Pacific,31,1308.2903225806451,288.2563897584216,31,1238.75,620.55,100.0,45.340988779803645
Secret Factory → Colorado,Secret Factory,Colorado,Pacific,7,1376.5714285714287,178.94306090938275,7,171.25,103.85,100.0,36.063664596273284
Secret Factory → Connecticut,Secret Factory,Connecticut,Atlantic,1,1638.0,,1,2.5,1.3,100.0,0.5434782608695676
Secret Factory → Delaware,Secret Factory,Delaware,Atlantic,1,909.0,,1,60.0,30.0,100.0,99.59239130434783
Secret Factory → Florida,Secret Factory,Florida,Gulf,7,1482.142857142857,196.2603955390462,7,78.75,52.15,100.0,21.71972049689441
Secret Factory → Georgia,Secret Factory,Georgia,Gulf,7,1377.857142857143,347.5103972408252,7,317.5,159.1,100.0,35.8889751552795
Secret Factory → Illinois,Secret Factory,Illinois,Interior,13,1328.6923076923076,360.0334208133519,13,546.25,273.65,100.0,42.56897993311037
Secret Factory → Indiana,Secret Factory,Indiana,Interior,4,1456.25,209.86880822710808,4,21.25,11.05,100.0,25.237771739130434
Secret Factory → Kentucky,Secret Factory,Kentucky,Gulf,2,1637.5,0.7071067811865476,2,46.25,23.25,100.0,0.6114130434782594
Secret Factory → Louisiana,Secret Factory,Louisiana,Gulf,2,908.5,0.7071067811865476,2,11.25,5.85,100.0,99.66032608695652
Secret Factory → Maryland,Secret Factory,Maryland,Atlantic,3,1517.6666666666667,211.02685453120256,3,8.75,4.55,100.0,16.89311594202898
Secret Factory → Massachusetts,Secret Factory,Massachusetts,Atlantic,2,1455.0,260.2152954766495,2,100.0,50.0,100.0,25.407608695652172
Secret Factory → Michigan,Secret Factory,Michigan,Interior,5,1346.2,306.52438728427467,5,82.5,41.7,100.0,40.19021739130434
Secret Factory → Minnesota,Secret Factory,Minnesota,Interior,1,909.0,,1,5.0,2.6,100.0,99.59239130434783
Secret Factory → Mississippi,Secret Factory,Mississippi,Gulf,1,908.0,,1,80.0,40.0,100.0,99.72826086956522
Secret Factory → Nebraska,Secret Factory,Nebraska,Interior,1,906.0,,1,2.5,1.3,100.0,100.0
Secret Factory → Nevada,Secret Factory,Nevada,Pacific,2,1091.0,261.6295090390226,2,202.5,101.3,100.0,74.86413043478262
Secret Factory → New Hampshire,Secret Factory,New Hampshire,Atlantic,1,1641.0,,1,6.25,3.25,100.0,0.13586956521739468
Secret Factory → New Jersey,Secret Factory,New Jersey,Atlantic,2,1274.5,2.1213203435596424,2,6.25,3.25,100.0,49.93206521739131
Secret Factory → New Mexico,Secret Factory,New Mexico,Pacific,2,906.0,2.8284271247461903,2,12.5,6.5,100.0,100.0
Secret Factory → New York,Secret Factory,New York,Atlantic,24,1379.625,274.4296555942256,24,1026.25,514.45,100.0,35.64877717391305
Secret Factory → North Carolina,Secret Factory,North Carolina,Gulf,4,1548.0,181.3560034848585,4,20.0,10.4,100.0,12.771739130434778
Secret Factory → Ohio,Secret Factory,Ohio,Atlantic,13,1301.2307692307693,314.9267517604038,13,768.75,384.95,100.0,46.300167224080255
Secret Factory → Oregon,Secret Factory,Oregon,Pacific,2,1271.5,0.7071067811865476,2,180.0,90.0,100.0,50.339673913043484
Secret Factory → Pennsylvania,Secret Factory,Pennsylvania,Atlantic,19,1311.3684210526317,295.9568682025429,19,762.5,382.9,100.0,44.92276887871852
Secret Factory → Quebec,Secret Factory,Quebec,Atlantic,2,1273.5,516.8950570473662,2,100.0,50.0,100.0,50.06793478260869
Secret Factory → Rhode Island,Secret Factory,Rhode Island,Atlantic,3,1394.3333333333333,210.16501453223214,3,142.5,71.3,100.0,33.650362318840585
Secret Factory → South Carolina,Secret Factory,South Carolina,Gulf,1,909.0,,1,6.25,3.25,100.0,99.59239130434783
Secret Factory → Tennessee,Secret Factory,Tennessee,Gulf,3,1395.3333333333333,211.8875487925927,3,62.5,31.7,100.0,33.5144927536232
Secret Factory → Texas,Secret Factory,Texas,Interior,16,1227.0625,323.9083139305525,16,517.5,268.7,100.0,56.37737771739131
Secret Factory → Utah,Secret Factory,Utah,Pacific,1,1275.0,,1,100.0,50.0,100.0,49.8641304347826
Secret Factory → Vermont,Secret Factory,Vermont,Atlantic,1,1273.0,,1,7.5,3.9,100.0,50.135869565217384
Secret Factory → Virginia,Secret Factory,Virginia,Gulf,5,1053.4,200.01949904946767,5,93.75,47.15,100.0,79.9728260869565
Secret Factory → Washington,Secret Factory,Washington,Pacific,11,1472.3636363636363,190.50263658399734,11,351.25,175.85,100.0,23.04841897233203
Secret Factory → Wisconsin,Secret Factory,Wisconsin,Interior,5,1346.4,163.5735308660909,5,415.0,207.8,100.0,40.16304347826086
Sugar Shack → Arizona,Sugar Shack,Arizona,Pacific,1,1274.0,,1,11.25,6.75,100.0,50.0
Sugar Shack → California,Sugar Shack,California,Pacific,1,1638.0,,1,6.0,2.8,100.0,0.5434782608695676
Sugar Shack → Connecticut,Sugar Shack,Connecticut,Atlantic,1,1641.0,,1,3.98,2.48,100.0,0.13586956521739468
Sugar Shack → Delaware,Sugar Shack,Delaware,Atlantic,1,910.0,,1,4.5,2.1,100.0,99.45652173913044
Sugar Shack → Florida,Sugar Shack,Florida,Gulf,3,1031.0,211.31019852340302,3,36.89,22.64,100.0,83.0163043478261
Sugar Shack → Illinois,Sugar Shack,Illinois,Interior,2,1089.0,257.3868683519033,2,12.0,6.3,100.0,75.13586956521739
Sugar Shack → Michigan,Sugar Shack,Michigan,Interior,3,1395.0,212.1768130592973,3,17.740000000000002,10.09,100.0,33.559782608695656
Sugar Shack → New Jersey,Sugar Shack,New Jersey,Atlantic,1,1642.0,,1,5.97,3.72,100.0,0.0
Sugar Shack → New York,Sugar Shack,New York,Atlantic,9,1314.111111111111,285.4082358852159,9,56.97,29.12,100.0,44.55012077294687
Sugar Shack → Ohio,Sugar Shack,Ohio,Atlantic,2,1637.5,3.5355339059327378,2,18.46,9.86,100.0,0.6114130434782594
Sugar Shack → Pennsylvania,Sugar Shack,Pennsylvania,Atlantic,3,1396.3333333333333,211.02211574461418,3,24.23,14.43,100.0,33.37862318840581
Sugar Shack → Rhode Island,Sugar Shack,Rhode Island,Atlantic,1,1273.0,,1,4.5,2.1,100.0,50.135869565217384
Sugar Shack → Tennessee,Sugar Shack,Tennessee,Gulf,1,1272.0,,1,1.5,0.6,100.0,50.27173913043479
Sugar Shack → Texas,Sugar Shack,Texas,Interior,3,1395.3333333333333,212.7541617297611,3,15.0,7.0,100.0,33.5144927536232
Sugar Shack → Washington,Sugar Shack,Washington,Pacific,1,1638.0,,1,1.99,1.24,100.0,0.5434782608695676
The Other Factory → Alabama,The Other Factory,Alabama,Gulf,2,1457.0,257.3868683519033,2,35.75,2.75,100.0,25.135869565217394
The Other Factory → Arizona,The Other Factory,Arizona,Pacific,2,1271.5,0.7071067811865476,2,38.75,18.75,100.0,50.339673913043484
The Other Factory → California,The Other Factory,California,Pacific,21,1325.0,265.12563059802415,21,233.75,33.75,100.0,43.07065217391305
The Other Factory → Colorado,The Other Factory,Colorado,Pacific,2,1273.5,2.1213203435596424,2,19.5,1.5,100.0,50.06793478260869
The Other Factory → Connecticut,The Other Factory,Connecticut,Atlantic,2,907.5,2.1213203435596424,2,9.75,0.75,100.0,99.7961956521739
The Other Factory → Delaware,The Other Factory,Delaware,Atlantic,2,1456.5,260.92240225783604,2,26.0,2.0,100.0,25.203804347826086
The Other Factory → Florida,The Other Factory,Florida,Gulf,3,1029.3333333333333,212.7541617297611,3,39.0,3.0,100.0,83.24275362318842
The Other Factory → Georgia,The Other Factory,Georgia,Gulf,2,1456.0,258.8010819142764,2,39.0,3.0,100.0,25.271739130434778
The Other Factory → Indiana,The Other Factory,Indiana,Interior,1,1274.0,,1,19.5,1.5,100.0,50.0
The Other Factory → Kentucky,The Other Factory,Kentucky,Gulf,2,1271.0,519.0163773909259,2,26.0,2.0,100.0,50.40760869565217
The Other Factory → Louisiana,The Other Factory,Louisiana,Gulf,1,907.0,,1,9.75,0.75,100.0,99.86413043478261
The Other Factory → Maryland,The Other Factory,Maryland,Atlantic,1,1274.0,,1,3.25,0.25,100.0,50.0
The Other Factory → Massachusetts,The Other Factory,Massachusetts,Atlantic,3,1150.6666666666667,211.02211574461415,3,32.5,2.5,100.0,66.75724637681158
The Other Factory → Missouri,The Other Factory,Missouri,Interior,1,1275.0,,1,6.5,0.5,100.0,49.8641304347826
The Other Factory → Nevada,The Other Factory,Nevada,Pacific,1,1638.0,,1,16.25,1.25,100.0,0.5434782608695676
The Other Factory → New Hampshire,The Other Factory,New Hampshire,Atlantic,2,1088.5,258.0939751330898,2,35.75,2.75,100.0,75.2038043478261
The Other Factory → New Jersey,The Other Factory,New Jersey,Atlantic,3,1395.3333333333333,211.02211574461418,3,68.25,5.25,100.0,33.5144927536232
The Other Factory → New York,The Other Factory,New York,Atlantic,14,1351.9285714285713,326.8188075479026,14,181.75,29.75,100.0,39.4118788819876
The Other Factory → North Carolina,The Other Factory,North Carolina,Gulf,1,1635.0,,1,9.0,7.0,100.0,0.9510869565217406
The Other Factory → Ohio,The Other Factory,Ohio,Atlantic,3,1272.0,1.7320508075688772,3,29.25,2.25,100.0,50.27173913043479
The Other Factory → Oregon,The Other Factory,Oregon,Pacific,2,1089.0,258.8010819142764,2,26.0,2.0,100.0,75.13586956521739
The Other Factory → Pennsylvania,The Other Factory,Pennsylvania,Atlantic,7,1273.0,210.45981405801285,7,97.5,7.5,100.0,50.135869565217384
The Other Factory → Rhode Island,The Other Factory,Rhode Island,Atlantic,1,1273.0,,1,22.75,1.75,100.0,50.135869565217384
The Other Factory → South Carolina,The Other Factory,South Carolina,Gulf,1,1273.0,,1,6.5,0.5,100.0,50.135869565217384
The Other Factory → Tennessee,The Other Factory,Tennessee,Gulf,3,1395.6666666666667,211.61364165226522,3,42.25,3.25,100.0,33.46920289855071
The Other Factory → Texas,The Other Factory,Texas,Interior,9,1191.5555555555557,304.5181074710957,9,100.75,7.75,100.0,61.20169082125603
The Other Factory → Virginia,The Other Factory,Virginia,Gulf,4,1180.5,181.674617563012,4,55.25,4.25,100.0,62.703804347826086
The Other Factory → Washington,The Other Factory,Washington,Pacific,4,1275.0,298.0234890071586,4,52.0,4.0,100.0,49.8641304347826
Wicked Choccy's → Alabama,Wicked Choccy's,Alabama,Gulf,22,1272.7272727272727,252.84291788685942,22,333.75,217.25,100.0,50.172924901185766
Wicked Choccy's → Alberta,Wicked Choccy's,Alberta,Pacific,8,1274.375,338.3873256238436,8,146.0,94.88,100.0,49.949048913043484
Wicked Choccy's → Arizona,Wicked Choccy's,Arizona,Pacific,105,1322.1142857142856,273.20323212574897,105,1429.5,931.46,100.0,43.46273291925466
Wicked Choccy's → Arkansas,Wicked Choccy's,Arkansas,Gulf,27,1273.5185185185185,303.38213658309036,27,393.5,256.38,100.0,50.065418679549126
Wicked Choccy's → British Columbia,Wicked Choccy's,British Columbia,Pacific,4,1364.75,349.98321388318044,4,37.5,24.5,100.0,37.66983695652174
Wicked Choccy's → California,Wicked Choccy's,California,Pacific,823,1320.3268529769136,262.50029098941025,823,11394.0,7421.32,100.0,43.70559062813674
Wicked Choccy's → Colorado,Wicked Choccy's,Colorado,Pacific,70,1319.8428571428572,256.20217535841715,70,906.5,590.22,100.0,43.77135093167702
Wicked Choccy's → Connecticut,Wicked Choccy's,Connecticut,Atlantic,31,1272.8709677419354,267.3891972307388,31,440.75,287.01,100.0,50.153401122019645
Wicked Choccy's → Delaware,Wicked Choccy's,Delaware,Atlantic,49,1273.7142857142858,210.8829651726281,49,601.5,391.42,100.0,50.03881987577638
Wicked Choccy's → District of Columbia,Wicked Choccy's,District of Columbia,Atlantic,2,1275.0,0.0,2,16.25,10.55,100.0,49.8641304347826
Wicked Choccy's → Florida,Wicked Choccy's,Florida,Gulf,161,1305.0931677018634,250.265778754363,161,2009.25,1308.59,100.0,45.77538482311638
Wicked Choccy's → Georgia,Wicked Choccy's,Georgia,Gulf,65,1346.1538461538462,251.88348191482982,65,862.25,561.43,100.0,40.19648829431438
Wicked Choccy's → Idaho,Wicked Choccy's,Idaho,Pacific,7,1325.0,328.43264149593904,7,78.75,51.25,100.0,43.07065217391305
Wicked Choccy's → Illinois,Wicked Choccy's,Illinois,Interior,210,1329.1285714285714,266.256428622181,210,2801.5,1825.22,100.0,42.509704968944106
Wicked Choccy's → Indiana,Wicked Choccy's,Indiana,Interior,54,1402.462962962963,257.76533960268836,54,708.25,461.31,100.0,32.54579307568437
Wicked Choccy's → Iowa,Wicked Choccy's,Iowa,Interior,14,1403.7857142857142,272.0014645241762,14,172.5,112.5,100.0,32.366071428571445
Wicked Choccy's → Kansas,Wicked Choccy's,Kansas,Interior,9,1314.0,337.8424188878597,9,74.25,48.39,100.0,44.565217391304344
Wicked Choccy's → Kentucky,Wicked Choccy's,Kentucky,Gulf,58,1323.8103448275863,268.999344999956,58,769.25,501.39,100.0,43.23229010494751
Wicked Choccy's → Louisiana,Wicked Choccy's,Louisiana,Gulf,15,1272.2666666666667,337.9273942868849,15,220.5,143.54,100.0,50.23550724637682
Wicked Choccy's → Maine,Wicked Choccy's,Maine,Atlantic,2,908.0,0.0,2,55.25,36.07,100.0,99.72826086956522
Wicked Choccy's → Manitoba,Wicked Choccy's,Manitoba,Interior,10,1455.6,192.9007804834162,10,120.25,78.27,100.0,25.326086956521753
Wicked Choccy's → Maryland,Wicked Choccy's,Maryland,Atlantic,41,1326.7073170731708,264.93803463285894,41,652.25,425.23,100.0,42.8386797454931
Wicked Choccy's → Massachusetts,Wicked Choccy's,Massachusetts,Atlantic,54,1334.4444444444443,253.27601966701243,54,671.25,436.95,100.0,41.78743961352659
Wicked Choccy's → Michigan,Wicked Choccy's,Michigan,Interior,100,1291.85,239.8593600972508,100,1127.0,733.56,100.0,47.574728260869584
Wicked Choccy's → Minnesota,Wicked Choccy's,Minnesota,Interior,45,1330.6888888888889,310.75646868292665,45,595.25,387.87,100.0,42.29770531400966
Wicked Choccy's → Mississippi,Wicked Choccy's,Mississippi,Gulf,22,1240.4545454545455,222.88962189788813,22,315.75,205.61,100.0,54.55780632411067
Wicked Choccy's → Missouri,Wicked Choccy's,Missouri,Interior,29,1311.103448275862,298.1196242195866,29,362.25,235.82999999999998,100.0,44.958770614692654
Wicked Choccy's → Montana,Wicked Choccy's,Montana,Pacific,7,1221.857142857143,389.89760560580885,7,109.5,71.46,100.0,57.08462732919255
Wicked Choccy's → Nebraska,Wicked Choccy's,Nebraska,Interior,14,1299.2857142857142,225.09773213204312,14,185.75,121.21,100.0,46.56444099378882
Wicked Choccy's → Nevada,Wicked Choccy's,Nevada,Pacific,12,1182.25,226.37303284622928,12,151.5,98.82,100.0,62.466032608695656
Wicked Choccy's → New Brunswick,Wicked Choccy's,New Brunswick,Atlantic,4,1273.25,298.4296399488496,4,75.0,49.0,100.0,50.10190217391304
Wicked Choccy's → New Hampshire,Wicked Choccy's,New Hampshire,Atlantic,11,1340.090909090909,275.30072813033195,11,208.25,135.51,100.0,41.020256916996054
Wicked Choccy's → New Jersey,Wicked Choccy's,New Jersey,Atlantic,59,1335.3898305084747,216.57458832603515,59,672.0,437.56,100.0,41.6589904200442
Wicked Choccy's → New Mexico,Wicked Choccy's,New Mexico,Pacific,17,1488.8823529411766,226.43042042560805,17,229.5,149.26,100.0,20.804028132992315
Wicked Choccy's → New York,Wicked Choccy's,New York,Atlantic,436,1311.883027522936,245.01327683661424,436,5518.25,3594.11,100.0,44.85284952134023
Wicked Choccy's → North Carolina,Wicked Choccy's,North Carolina,Gulf,101,1352.7623762376238,261.44093591153035,101,1376.25,896.75,100.0,39.29859018510547
Wicked Choccy's → North Dakota,Wicked Choccy's,North Dakota,Interior,2,1637.0,0.0,2,52.5,34.3,100.0,0.6793478260869512
Wicked Choccy's → Nova Scotia,Wicked Choccy's,Nova Scotia,Atlantic,6,1272.6666666666667,326.91446383827474,6,87.5,56.900000000000006,100.0,50.181159420289845
Wicked Choccy's → Ohio,Wicked Choccy's,Ohio,Atlantic,189,1313.3544973544974,267.57040481995995,189,2479.75,1615.73,100.0,44.65292155509546
Wicked Choccy's → Oklahoma,Wicked Choccy's,Oklahoma,Interior,25,1332.0,250.49417824239603,25,308.25,200.91,100.0,42.11956521739131
Wicked Choccy's → Ontario,Wicked Choccy's,Ontario,Atlantic,30,1248.5666666666666,286.48700799011186,30,466.25,303.35,100.0,53.45561594202899
Wicked Choccy's → Oregon,Wicked Choccy's,Oregon,Pacific,43,1316.1627906976744,242.4143373718956,43,628.25,409.51,100.0,44.27135995955511
Wicked Choccy's → Pennsylvania,Wicked Choccy's,Pennsylvania,Atlantic,227,1339.2202643171806,263.6735460367152,227,2804.25,1826.99,100.0,41.13855104386133
Wicked Choccy's → Prince Edward Island,Wicked Choccy's,Prince Edward Island,Atlantic,4,1457.0,211.31019852340302,4,52.0,33.76,100.0,25.135869565217394
Wicked Choccy's → Quebec,Wicked Choccy's,Quebec,Atlantic,24,1243.5833333333333,322.0927380181956,24,254.75,165.53,100.0,54.13269927536233
Wicked Choccy's → Rhode Island,Wicked Choccy's,Rhode Island,Atlantic,21,1359.6666666666667,280.1016482160242,21,282.25,183.83,100.0,38.3605072463768
Wicked Choccy's → Saskatchewan,Wicked Choccy's,Saskatchewan,Pacific,2,1457.0,258.8010819142764,2,29.25,18.99,100.0,25.135869565217394
Wicked Choccy's → South Carolina,Wicked Choccy's,South Carolina,Gulf,19,1234.2105263157894,240.89914416788338,19,307.0,200.16,100.0,55.406178489702526
Wicked Choccy's → South Dakota,Wicked Choccy's,South Dakota,Interior,3,1152.0,422.62039704680603,3,33.75,22.05,100.0,66.57608695652173
Wicked Choccy's → Tennessee,Wicked Choccy's,Tennessee,Gulf,67,1393.7611940298507,241.35828325442333,67,915.75,596.21,100.0,33.72809863724855
Wicked Choccy's → Texas,Wicked Choccy's,Texas,Interior,388,1315.6082474226805,272.9403984763616,388,5140.5,3347.74,100.0,44.34670551322276
Wicked Choccy's → Utah,Wicked Choccy's,Utah,Pacific,23,1273.4782608695652,290.60233208806125,23,362.5,236.1,100.0,50.07088846880907
Wicked Choccy's → Vermont,Wicked Choccy's,Vermont,Atlantic,5,1418.6,200.2855461584785,5,51.75,33.69,100.0,30.353260869565236
Wicked Choccy's → Virginia,Wicked Choccy's,Virginia,Gulf,106,1238.877358490566,254.77402509563655,106,1490.0,970.2,100.0,54.77209803117311
Wicked Choccy's → Washington,Wicked Choccy's,Washington,Pacific,221,1375.7239819004526,270.80298241690485,221,3023.0,1969.6399999999999,100.0,36.178806807003724
Wicked Choccy's → West Virginia,Wicked Choccy's,West Virginia,Atlantic,2,1639.0,0.0,2,25.25,16.47,100.0,0.40760869565217295
Wicked Choccy's → Wisconsin,Wicked Choccy's,Wisconsin,Interior,47,1312.2340425531916,205.32532116512877,47,737.25,479.83,100.0,44.805157261794626
